timestamp,filename,mode,sweeps,rays,gates,gate_spacing_m,max_range_km
2025-08-01 00:00:07,NHB250801000007.RAWLTHU,Long Range,4,1388,500,600.0,299.4
2025-08-01 00:03:03,NHB250801000303.RAWLTHY,Short Range,8,2832,500,240.0,119.76
2025-08-01 00:10:07,NHB250801001007.RAWLTJ1,Long Range,4,1394,500,600.0,299.4
2025-08-01 00:13:04,NHB250801001304.RAWLTJ5,Short Range,8,2829,500,240.0,119.76
2025-08-01 00:20:08,NHB250801002008.RAWLTJ8,Long Range,4,1389,500,600.0,299.4
2025-08-01 00:23:03,NHB250801002303.RAWLTJC,Short Range,8,2829,500,240.0,119.76
2025-08-01 00:30:08,NHB250801003008.RAWLTJF,Long Range,4,1388,500,600.0,299.4
2025-08-01 00:33:05,NHB250801003305.RAWLTJK,Short Range,8,2828,500,240.0,119.76
2025-08-01 00:40:07,NHB250801004007.RAWLTJN,Long Range,4,1388,500,600.0,299.4
2025-08-01 00:43:04,NHB250801004304.RAWLTJT,Short Range,8,2829,500,240.0,119.76
2025-08-01 00:50:07,NHB250801005007.RAWLTJW,Long Range,4,1389,500,600.0,299.4
2025-08-01 00:53:05,NHB250801005305.RAWLTK0,Short Range,8,2828,500,240.0,119.76
2025-08-01 01:00:09,NHB250801010009.RAWLTK3,Long Range,4,1388,500,600.0,299.4
2025-08-01 01:03:04,NHB250801010304.RAWLTK7,Short Range,8,2829,500,240.0,119.76
2025-08-01 01:10:08,NHB250801011008.RAWLTKA,Long Range,4,1386,500,600.0,299.4
2025-08-01 01:13:04,NHB250801011304.RAWLTKE,Short Range,8,2828,500,240.0,119.76
2025-08-01 01:20:08,NHB250801012008.RAWLTKH,Long Range,4,1389,500,600.0,299.4
2025-08-01 01:23:04,NHB250801012304.RAWLTKM,Short Range,8,2828,500,240.0,119.76
2025-08-01 01:30:08,NHB250801013008.RAWLTKR,Long Range,4,1389,500,600.0,299.4
2025-08-01 01:33:04,NHB250801013304.RAWLTKV,Short Range,8,2828,500,240.0,119.76
2025-08-01 01:40:08,NHB250801014008.RAWLTKY,Long Range,4,1387,500,600.0,299.4
2025-08-01 01:43:05,NHB250801014305.RAWLTL2,Short Range,8,2828,500,240.0,119.76
2025-08-01 01:50:08,NHB250801015008.RAWLTL5,Long Range,4,1388,500,600.0,299.4
2025-08-01 01:53:03,NHB250801015303.RAWLTL9,Short Range,8,2829,500,240.0,119.76
2025-08-01 02:00:08,NHB250801020008.RAWLTLC,Long Range,4,1387,500,600.0,299.4
2025-08-01 02:03:04,NHB250801020304.RAWLTLG,Short Range,8,2829,500,240.0,119.76
2025-08-01 02:10:08,NHB250801021008.RAWLTLK,Long Range,4,1388,500,600.0,299.4
2025-08-01 02:13:04,NHB250801021304.RAWLTLP,Short Range,8,2828,500,240.0,119.76
2025-08-01 02:20:07,NHB250801022007.RAWLTLT,Long Range,4,1388,500,600.0,299.4
2025-08-01 02:23:04,NHB250801022304.RAWLTLX,Short Range,8,2829,500,240.0,119.76
2025-08-01 02:30:09,NHB250801023009.RAWLTM0,Long Range,4,1389,500,600.0,299.4
2025-08-01 02:33:03,NHB250801023303.RAWLTM4,Short Range,8,2829,500,240.0,119.76
2025-08-01 02:40:08,NHB250801024008.RAWLTM7,Long Range,4,1389,500,600.0,299.4
2025-08-01 02:43:03,NHB250801024303.RAWLTMB,Short Range,8,2831,500,240.0,119.76
2025-08-01 02:50:08,NHB250801025008.RAWLTME,Long Range,4,1396,500,600.0,299.4
2025-08-01 02:53:04,NHB250801025304.RAWLTMJ,Short Range,8,2829,500,240.0,119.76
2025-08-01 03:00:07,NHB250801030007.RAWLTMM,Long Range,4,1389,500,600.0,299.4
2025-08-01 03:03:04,NHB250801030304.RAWLTMS,Short Range,8,2829,500,240.0,119.76
2025-08-01 03:10:08,NHB250801031008.RAWLTMV,Long Range,4,1388,500,600.0,299.4
2025-08-01 03:13:03,NHB250801031303.RAWLTMZ,Short Range,8,2829,500,240.0,119.76
2025-08-01 03:20:08,NHB250801032008.RAWLTN2,Long Range,4,1389,500,600.0,299.4
2025-08-01 03:23:03,NHB250801032303.RAWLTN6,Short Range,8,2829,500,240.0,119.76
2025-08-01 03:30:08,NHB250801033008.RAWLTN9,Long Range,4,1387,500,600.0,299.4
2025-08-01 03:33:04,NHB250801033304.RAWLTND,Short Range,8,2830,500,240.0,119.76
2025-08-01 03:40:07,NHB250801034007.RAWLTNG,Long Range,4,1391,500,600.0,299.4
2025-08-01 03:43:03,NHB250801034303.RAWLTNL,Short Range,8,2826,500,240.0,119.76
2025-08-01 03:50:07,NHB250801035007.RAWLTNP,Long Range,4,1387,500,600.0,299.4
2025-08-01 03:53:05,NHB250801035305.RAWLTNU,Short Range,8,2828,500,240.0,119.76
2025-08-01 04:00:08,NHB250801040008.RAWLTNX,Long Range,4,1389,500,600.0,299.4
2025-08-01 04:03:04,NHB250801040304.RAWLTP1,Short Range,8,2827,500,240.0,119.76
2025-08-01 04:10:07,NHB250801041007.RAWLTP4,Long Range,4,1388,500,600.0,299.4
2025-08-01 04:13:03,NHB250801041303.RAWLTP8,Short Range,8,2828,500,240.0,119.76
2025-08-01 04:20:08,NHB250801042008.RAWLTPB,Long Range,4,1388,500,600.0,299.4
2025-08-01 04:23:04,NHB250801042304.RAWLTPF,Short Range,8,2828,500,240.0,119.76
2025-08-01 04:30:08,NHB250801043008.RAWLTPJ,Long Range,4,1387,500,600.0,299.4
2025-08-01 04:33:03,NHB250801043303.RAWLTPN,Short Range,8,2829,500,240.0,119.76
2025-08-01 04:40:08,NHB250801044008.RAWLTPS,Long Range,4,1389,500,600.0,299.4
2025-08-01 04:43:04,NHB250801044304.RAWLTPW,Short Range,8,2828,500,240.0,119.76
2025-08-01 04:50:08,NHB250801045008.RAWLTPZ,Long Range,4,1389,500,600.0,299.4
2025-08-01 04:53:03,NHB250801045303.RAWLTR3,Short Range,8,2831,500,240.0,119.76
2025-08-01 05:00:08,NHB250801050008.RAWLTR6,Long Range,4,1392,500,600.0,299.4
2025-08-01 05:03:03,NHB250801050303.RAWLTRA,Short Range,8,2828,500,240.0,119.76
2025-08-01 05:10:07,NHB250801051007.RAWLTRD,Long Range,4,1388,500,600.0,299.4
2025-08-01 05:13:03,NHB250801051303.RAWLTRH,Short Range,8,2828,500,240.0,119.76
2025-08-01 05:20:08,NHB250801052008.RAWLTRL,Long Range,4,1389,500,600.0,299.4
2025-08-01 05:23:03,NHB250801052303.RAWLTRR,Short Range,8,2831,500,240.0,119.76
2025-08-01 05:30:08,NHB250801053008.RAWLTRU,Long Range,4,1389,500,600.0,299.4
2025-08-01 05:33:03,NHB250801053303.RAWLTRY,Short Range,8,2827,500,240.0,119.76
2025-08-01 05:40:08,NHB250801054008.RAWLTS1,Long Range,4,1388,500,600.0,299.4
2025-08-01 05:43:03,NHB250801054303.RAWLTS5,Short Range,8,2827,500,240.0,119.76
2025-08-01 05:50:08,NHB250801055008.RAWLTS8,Long Range,4,1388,500,600.0,299.4
2025-08-01 05:53:03,NHB250801055303.RAWLTSC,Short Range,8,2828,500,240.0,119.76
2025-08-01 06:00:08,NHB250801060008.RAWLTSF,Long Range,4,1393,500,600.0,299.4
2025-08-01 06:03:03,NHB250801060303.RAWLTSK,Short Range,8,2829,500,240.0,119.76
2025-08-01 06:10:08,NHB250801061008.RAWLTSN,Long Range,4,1389,500,600.0,299.4
2025-08-01 06:13:03,NHB250801061303.RAWLTST,Short Range,8,2829,500,240.0,119.76
2025-08-01 06:20:08,NHB250801062008.RAWLTSW,Long Range,4,1388,500,600.0,299.4
2025-08-01 06:23:03,NHB250801062303.RAWLTT0,Short Range,8,2829,500,240.0,119.76
2025-08-01 06:30:07,NHB250801063007.RAWLTT3,Long Range,4,1388,500,600.0,299.4
2025-08-01 06:33:04,NHB250801063304.RAWLTT7,Short Range,8,2827,500,240.0,119.76
2025-08-01 06:40:08,NHB250801064008.RAWLTTA,Long Range,4,1387,500,600.0,299.4
2025-08-01 06:43:03,NHB250801064303.RAWLTTE,Short Range,8,2832,500,240.0,119.76
2025-08-01 06:50:08,NHB250801065008.RAWLTTH,Long Range,4,1387,500,600.0,299.4
2025-08-01 06:53:03,NHB250801065303.RAWLTTM,Short Range,8,2829,500,240.0,119.76
2025-08-01 07:00:08,NHB250801070008.RAWLTTR,Long Range,4,1387,500,600.0,299.4
2025-08-01 07:03:04,NHB250801070304.RAWLTTV,Short Range,8,2829,500,240.0,119.76
2025-08-01 07:10:07,NHB250801071007.RAWLTTY,Long Range,4,1388,500,600.0,299.4
2025-08-01 07:13:03,NHB250801071303.RAWLTU2,Short Range,8,2827,500,240.0,119.76
2025-08-01 07:20:08,NHB250801072008.RAWLTU5,Long Range,4,1388,500,600.0,299.4
2025-08-01 07:23:03,NHB250801072303.RAWLTU9,Short Range,8,2829,500,240.0,119.76
2025-08-01 07:30:08,NHB250801073008.RAWLTUC,Long Range,4,1389,500,600.0,299.4
2025-08-01 07:33:03,NHB250801073303.RAWLTUG,Short Range,8,2829,500,240.0,119.76
2025-08-01 07:40:08,NHB250801074008.RAWLTUK,Long Range,4,1388,500,600.0,299.4
2025-08-01 07:43:04,NHB250801074304.RAWLTUP,Short Range,8,2829,500,240.0,119.76
2025-08-01 07:50:08,NHB250801075008.RAWLTUT,Long Range,4,1389,500,600.0,299.4
2025-08-01 07:53:04,NHB250801075304.RAWLTUX,Short Range,8,2829,500,240.0,119.76
2025-08-01 08:00:08,NHB250801080008.RAWLTV0,Long Range,4,1389,500,600.0,299.4
2025-08-01 08:03:03,NHB250801080303.RAWLTV4,Short Range,8,2833,500,240.0,119.76
2025-08-01 08:10:08,NHB250801081008.RAWLTV7,Long Range,4,1389,500,600.0,299.4
2025-08-01 08:13:04,NHB250801081304.RAWLTVB,Short Range,8,2829,500,240.0,119.76
2025-08-01 08:20:07,NHB250801082007.RAWLTVE,Long Range,4,1389,500,600.0,299.4
2025-08-01 08:23:04,NHB250801082304.RAWLTVJ,Short Range,8,2829,500,240.0,119.76
2025-08-01 08:30:08,NHB250801083008.RAWLTVM,Long Range,4,1388,500,600.0,299.4
2025-08-01 08:33:04,NHB250801083304.RAWLTVS,Short Range,8,2827,500,240.0,119.76
2025-08-01 08:40:08,NHB250801084008.RAWLTVV,Long Range,4,1387,500,600.0,299.4
2025-08-01 08:43:03,NHB250801084303.RAWLTVZ,Short Range,8,2826,500,240.0,119.76
2025-08-01 08:50:08,NHB250801085008.RAWLTW2,Long Range,4,1388,500,600.0,299.4
2025-08-01 08:53:03,NHB250801085303.RAWLTW6,Short Range,8,2830,500,240.0,119.76
2025-08-01 09:00:07,NHB250801090007.RAWLTW9,Long Range,4,1391,500,600.0,299.4
2025-08-01 09:03:03,NHB250801090303.RAWLTWD,Short Range,8,2829,500,240.0,119.76
2025-08-01 09:10:08,NHB250801091008.RAWLTWG,Long Range,4,1389,500,600.0,299.4
2025-08-01 09:13:04,NHB250801091304.RAWLTWL,Short Range,8,2828,500,240.0,119.76
2025-08-01 09:20:08,NHB250801092008.RAWLTWP,Long Range,4,1389,500,600.0,299.4
2025-08-01 09:23:03,NHB250801092303.RAWLTWU,Short Range,8,2829,500,240.0,119.76
2025-08-01 09:30:08,NHB250801093008.RAWLTWX,Long Range,4,1389,500,600.0,299.4
2025-08-01 09:33:03,NHB250801093303.RAWLTX1,Short Range,8,2828,500,240.0,119.76
2025-08-01 09:40:07,NHB250801094007.RAWLTX4,Long Range,4,1388,500,600.0,299.4
2025-08-01 09:43:04,NHB250801094304.RAWLTX8,Short Range,8,2829,500,240.0,119.76
2025-08-01 09:50:08,NHB250801095008.RAWLTXB,Long Range,4,1388,500,600.0,299.4
2025-08-01 09:53:03,NHB250801095303.RAWLTXF,Short Range,8,2827,500,240.0,119.76
2025-08-01 10:00:08,NHB250801100008.RAWLTXJ,Long Range,4,1388,500,600.0,299.4
2025-08-01 10:03:04,NHB250801100304.RAWLTXN,Short Range,8,2829,500,240.0,119.76
2025-08-01 10:10:08,NHB250801101008.RAWLTXS,Long Range,4,1389,500,600.0,299.4
2025-08-01 10:13:04,NHB250801101304.RAWLTXW,Short Range,8,2828,500,240.0,119.76
2025-08-01 10:20:08,NHB250801102008.RAWLTXZ,Long Range,4,1387,500,600.0,299.4
2025-08-01 10:23:03,NHB250801102303.RAWLTY3,Short Range,8,2829,500,240.0,119.76
2025-08-01 10:30:08,NHB250801103008.RAWLTY6,Long Range,4,1388,500,600.0,299.4
2025-08-01 10:33:05,NHB250801103305.RAWLTYA,Short Range,8,2829,500,240.0,119.76
2025-08-01 10:40:08,NHB250801104008.RAWLTYD,Long Range,4,1389,500,600.0,299.4
2025-08-01 10:43:03,NHB250801104303.RAWLTYH,Short Range,8,2829,500,240.0,119.76
2025-08-01 10:50:07,NHB250801105007.RAWLTYL,Long Range,4,1389,500,600.0,299.4
2025-08-01 10:53:04,NHB250801105304.RAWLTYR,Short Range,8,2829,500,240.0,119.76
2025-08-01 11:00:08,NHB250801110008.RAWLTYU,Long Range,4,1388,500,600.0,299.4
2025-08-01 11:03:04,NHB250801110304.RAWLTYY,Short Range,8,2833,500,240.0,119.76
2025-08-01 11:10:07,NHB250801111007.RAWLTZ1,Long Range,4,1395,500,600.0,299.4
2025-08-01 11:13:05,NHB250801111305.RAWLTZ5,Short Range,8,2828,500,240.0,119.76
2025-08-01 11:20:08,NHB250801112008.RAWLTZ8,Long Range,4,1387,500,600.0,299.4
2025-08-01 11:23:03,NHB250801112303.RAWLTZC,Short Range,8,2828,500,240.0,119.76
2025-08-01 11:30:08,NHB250801113008.RAWLTZF,Long Range,4,1389,500,600.0,299.4
2025-08-01 11:33:03,NHB250801113303.RAWLTZK,Short Range,8,2828,500,240.0,119.76
2025-08-01 11:40:09,NHB250801114009.RAWLTZN,Long Range,4,1386,500,600.0,299.4
2025-08-01 11:43:04,NHB250801114304.RAWLTZT,Short Range,8,2829,500,240.0,119.76
2025-08-01 11:50:08,NHB250801115008.RAWLTZW,Long Range,4,1388,500,600.0,299.4
2025-08-01 11:53:04,NHB250801115304.RAWLU00,Short Range,8,2833,500,240.0,119.76
2025-08-01 12:00:07,NHB250801120007.RAWLU03,Long Range,4,1398,500,600.0,299.4
2025-08-01 12:03:04,NHB250801120304.RAWLU07,Short Range,8,2829,500,240.0,119.76
2025-08-01 12:10:08,NHB250801121008.RAWLU0A,Long Range,4,1388,500,600.0,299.4
2025-08-01 12:13:04,NHB250801121304.RAWLU0E,Short Range,8,2828,500,240.0,119.76
2025-08-01 12:20:07,NHB250801122007.RAWLU0H,Long Range,4,1388,500,600.0,299.4
2025-08-01 12:23:03,NHB250801122303.RAWLU0M,Short Range,8,2829,500,240.0,119.76
2025-08-01 12:30:08,NHB250801123008.RAWLU0R,Long Range,4,1393,500,600.0,299.4
2025-08-01 12:33:04,NHB250801123304.RAWLU0V,Short Range,8,2827,500,240.0,119.76
2025-08-01 12:40:08,NHB250801124008.RAWLU0Y,Long Range,4,1387,500,600.0,299.4
2025-08-01 12:43:04,NHB250801124304.RAWLU12,Short Range,8,2829,500,240.0,119.76
2025-08-01 12:50:09,NHB250801125009.RAWLU15,Long Range,4,1387,500,600.0,299.4
2025-08-01 12:53:04,NHB250801125304.RAWLU19,Short Range,8,2828,500,240.0,119.76
2025-08-01 13:00:08,NHB250801130008.RAWLU1C,Long Range,4,1389,500,600.0,299.4
2025-08-01 13:03:03,NHB250801130303.RAWLU1G,Short Range,8,2828,500,240.0,119.76
2025-08-01 13:10:08,NHB250801131008.RAWLU1K,Long Range,4,1389,500,600.0,299.4
2025-08-01 13:13:04,NHB250801131304.RAWLU1P,Short Range,8,2829,500,240.0,119.76
2025-08-01 13:20:07,NHB250801132007.RAWLU1T,Long Range,4,1388,500,600.0,299.4
2025-08-01 13:23:04,NHB250801132304.RAWLU1X,Short Range,8,2828,500,240.0,119.76
2025-08-01 13:30:08,NHB250801133008.RAWLU20,Long Range,4,1387,500,600.0,299.4
2025-08-01 13:33:03,NHB250801133303.RAWLU24,Short Range,8,2829,500,240.0,119.76
2025-08-01 13:40:08,NHB250801134008.RAWLU27,Long Range,4,1388,500,600.0,299.4
2025-08-01 13:43:03,NHB250801134303.RAWLU2B,Short Range,8,2832,500,240.0,119.76
2025-08-01 13:50:08,NHB250801135008.RAWLU2E,Long Range,4,1395,500,600.0,299.4
2025-08-01 13:53:03,NHB250801135303.RAWLU2J,Short Range,8,2829,500,240.0,119.76
2025-08-01 14:00:08,NHB250801140008.RAWLU2M,Long Range,4,1386,500,600.0,299.4
2025-08-01 14:03:03,NHB250801140303.RAWLU2S,Short Range,8,2829,500,240.0,119.76
2025-08-01 14:10:08,NHB250801141008.RAWLU2V,Long Range,4,1388,500,600.0,299.4
2025-08-01 14:13:03,NHB250801141303.RAWLU2Z,Short Range,8,2829,500,240.0,119.76
2025-08-01 14:20:08,NHB250801142008.RAWLU32,Long Range,4,1394,500,600.0,299.4
2025-08-01 14:23:04,NHB250801142304.RAWLU36,Short Range,8,2829,500,240.0,119.76
2025-08-01 14:30:07,NHB250801143007.RAWLU39,Long Range,4,1389,500,600.0,299.4
2025-08-01 14:33:04,NHB250801143304.RAWLU3D,Short Range,8,2829,500,240.0,119.76
2025-08-01 14:40:08,NHB250801144008.RAWLU3G,Long Range,4,1389,500,600.0,299.4
2025-08-01 14:43:03,NHB250801144303.RAWLU3L,Short Range,8,2827,500,240.0,119.76
2025-08-01 14:50:07,NHB250801145007.RAWLU3P,Long Range,4,1389,500,600.0,299.4
2025-08-01 14:53:03,NHB250801145303.RAWLU3U,Short Range,8,2829,500,240.0,119.76
2025-08-01 15:00:07,NHB250801150007.RAWLU3X,Long Range,4,1388,500,600.0,299.4
2025-08-01 15:03:03,NHB250801150303.RAWLU41,Short Range,8,2829,500,240.0,119.76
2025-08-01 15:10:08,NHB250801151008.RAWLU44,Long Range,4,1395,500,600.0,299.4
2025-08-01 15:13:04,NHB250801151304.RAWLU48,Short Range,8,2828,500,240.0,119.76
2025-08-01 15:20:08,NHB250801152008.RAWLU4B,Long Range,4,1389,500,600.0,299.4
2025-08-01 15:23:03,NHB250801152303.RAWLU4F,Short Range,8,2829,500,240.0,119.76
2025-08-01 15:30:08,NHB250801153008.RAWLU4J,Long Range,4,1388,500,600.0,299.4
2025-08-01 15:33:04,NHB250801153304.RAWLU4N,Short Range,8,2828,500,240.0,119.76
2025-08-01 15:40:08,NHB250801154008.RAWLU4S,Long Range,4,1387,500,600.0,299.4
2025-08-01 15:43:03,NHB250801154303.RAWLU4W,Short Range,8,2829,500,240.0,119.76
2025-08-01 15:50:07,NHB250801155007.RAWLU4Z,Long Range,4,1385,500,600.0,299.4
2025-08-01 15:53:05,NHB250801155305.RAWLU53,Short Range,8,2828,500,240.0,119.76
2025-08-01 16:00:08,NHB250801160008.RAWLU56,Long Range,4,1389,500,600.0,299.4
2025-08-01 16:03:04,NHB250801160304.RAWLU5A,Short Range,8,2829,500,240.0,119.76
2025-08-01 16:10:08,NHB250801161008.RAWLU5D,Long Range,4,1388,500,600.0,299.4
2025-08-01 16:13:03,NHB250801161303.RAWLU5H,Short Range,8,2829,500,240.0,119.76
2025-08-01 16:20:07,NHB250801162007.RAWLU5L,Long Range,4,1389,500,600.0,299.4
2025-08-01 16:23:03,NHB250801162303.RAWLU5R,Short Range,8,2834,500,240.0,119.76
2025-08-01 16:30:07,NHB250801163007.RAWLU5U,Long Range,4,1396,500,600.0,299.4
2025-08-01 16:33:05,NHB250801163305.RAWLU5Y,Short Range,8,2826,500,240.0,119.76
2025-08-01 16:40:08,NHB250801164008.RAWLU61,Long Range,4,1388,500,600.0,299.4
2025-08-01 16:43:03,NHB250801164303.RAWLU65,Short Range,8,2828,500,240.0,119.76
2025-08-01 16:50:09,NHB250801165009.RAWLU68,Long Range,4,1389,500,600.0,299.4
2025-08-01 16:53:03,NHB250801165303.RAWLU6C,Short Range,8,2828,500,240.0,119.76
2025-08-01 17:00:08,NHB250801170008.RAWLU6F,Long Range,4,1388,500,600.0,299.4
2025-08-01 17:03:04,NHB250801170304.RAWLU6K,Short Range,8,2829,500,240.0,119.76
2025-08-01 17:10:08,NHB250801171008.RAWLU6N,Long Range,4,1388,500,600.0,299.4
2025-08-01 17:13:03,NHB250801171303.RAWLU6T,Short Range,8,2829,500,240.0,119.76
2025-08-01 17:20:08,NHB250801172008.RAWLU6W,Long Range,4,1389,500,600.0,299.4
2025-08-01 17:23:03,NHB250801172303.RAWLU70,Short Range,8,2829,500,240.0,119.76
2025-08-01 17:30:07,NHB250801173007.RAWLU73,Long Range,4,1388,500,600.0,299.4
2025-08-01 17:33:03,NHB250801173303.RAWLU77,Short Range,8,2828,500,240.0,119.76
2025-08-01 17:40:07,NHB250801174007.RAWLU7A,Long Range,4,1389,500,600.0,299.4
2025-08-01 17:43:03,NHB250801174303.RAWLU7E,Short Range,8,2830,500,240.0,119.76
2025-08-01 17:50:08,NHB250801175008.RAWLU7H,Long Range,4,1389,500,600.0,299.4
2025-08-01 17:53:04,NHB250801175304.RAWLU7M,Short Range,8,2828,500,240.0,119.76
2025-08-01 18:00:09,NHB250801180009.RAWLU7R,Long Range,4,1389,500,600.0,299.4
2025-08-01 18:03:03,NHB250801180303.RAWLU7V,Short Range,8,2829,500,240.0,119.76
2025-08-01 18:10:08,NHB250801181008.RAWLU7Y,Long Range,4,1389,500,600.0,299.4
2025-08-01 18:13:03,NHB250801181303.RAWLU82,Short Range,8,2835,500,240.0,119.76
2025-08-01 18:20:07,NHB250801182007.RAWLU85,Long Range,4,1388,500,600.0,299.4
2025-08-01 18:23:03,NHB250801182303.RAWLU89,Short Range,8,2828,500,240.0,119.76
2025-08-01 18:30:08,NHB250801183008.RAWLU8C,Long Range,4,1387,500,600.0,299.4
2025-08-01 18:33:03,NHB250801183303.RAWLU8G,Short Range,8,2829,500,240.0,119.76
2025-08-01 18:40:08,NHB250801184008.RAWLU8K,Long Range,4,1389,500,600.0,299.4
2025-08-01 18:43:04,NHB250801184304.RAWLU8P,Short Range,8,2829,500,240.0,119.76
2025-08-01 18:50:08,NHB250801185008.RAWLU8T,Long Range,4,1393,500,600.0,299.4
2025-08-01 18:53:04,NHB250801185304.RAWLU8X,Short Range,8,2829,500,240.0,119.76
2025-08-01 19:00:08,NHB250801190008.RAWLU90,Long Range,4,1389,500,600.0,299.4
2025-08-01 19:03:04,NHB250801190304.RAWLU94,Short Range,8,2827,500,240.0,119.76
2025-08-01 19:10:08,NHB250801191008.RAWLU97,Long Range,4,1389,500,600.0,299.4
2025-08-01 19:13:03,NHB250801191303.RAWLU9B,Short Range,8,2829,500,240.0,119.76
2025-08-01 19:20:08,NHB250801192008.RAWLU9E,Long Range,4,1388,500,600.0,299.4
2025-08-01 19:23:03,NHB250801192303.RAWLU9J,Short Range,8,2827,500,240.0,119.76
2025-08-01 19:30:07,NHB250801193007.RAWLU9M,Long Range,4,1388,500,600.0,299.4
2025-08-01 19:33:03,NHB250801193303.RAWLU9S,Short Range,8,2834,500,240.0,119.76
2025-08-01 19:40:07,NHB250801194007.RAWLU9V,Long Range,4,1389,500,600.0,299.4
2025-08-01 19:43:04,NHB250801194304.RAWLU9Z,Short Range,8,2829,500,240.0,119.76
2025-08-01 19:50:08,NHB250801195008.RAWLUA2,Long Range,4,1389,500,600.0,299.4
2025-08-01 19:53:05,NHB250801195305.RAWLUA6,Short Range,8,2829,500,240.0,119.76
2025-08-01 20:00:08,NHB250801200008.RAWLUA9,Long Range,4,1388,500,600.0,299.4
2025-08-01 20:03:03,NHB250801200303.RAWLUAD,Short Range,8,2833,500,240.0,119.76
2025-08-01 20:10:08,NHB250801201008.RAWLUAG,Long Range,4,1394,500,600.0,299.4
2025-08-01 20:13:04,NHB250801201304.RAWLUAL,Short Range,8,2829,500,240.0,119.76
2025-08-01 20:20:08,NHB250801202008.RAWLUAP,Long Range,4,1388,500,600.0,299.4
2025-08-01 20:23:03,NHB250801202303.RAWLUAU,Short Range,8,2829,500,240.0,119.76
2025-08-01 20:30:08,NHB250801203008.RAWLUAX,Long Range,4,1389,500,600.0,299.4
2025-08-01 20:33:03,NHB250801203303.RAWLUB1,Short Range,8,2828,500,240.0,119.76
2025-08-01 20:40:08,NHB250801204008.RAWLUB4,Long Range,4,1389,500,600.0,299.4
2025-08-01 20:43:04,NHB250801204304.RAWLUB8,Short Range,8,2828,500,240.0,119.76
2025-08-01 20:50:07,NHB250801205007.RAWLUBB,Long Range,4,1387,500,600.0,299.4
2025-08-01 20:53:04,NHB250801205304.RAWLUBF,Short Range,8,2829,500,240.0,119.76
2025-08-01 21:00:07,NHB250801210007.RAWLUBJ,Long Range,4,1389,500,600.0,299.4
2025-08-01 21:03:03,NHB250801210303.RAWLUBN,Short Range,8,2829,500,240.0,119.76
2025-08-01 21:10:08,NHB250801211008.RAWLUBS,Long Range,4,1388,500,600.0,299.4
2025-08-01 21:13:03,NHB250801211303.RAWLUBW,Short Range,8,2829,500,240.0,119.76
2025-08-01 21:20:07,NHB250801212007.RAWLUBZ,Long Range,4,1388,500,600.0,299.4
2025-08-01 21:23:03,NHB250801212303.RAWLUC3,Short Range,8,2829,500,240.0,119.76
2025-08-01 21:30:08,NHB250801213008.RAWLUC6,Long Range,4,1391,500,600.0,299.4
2025-08-01 21:33:04,NHB250801213304.RAWLUCA,Short Range,8,2829,500,240.0,119.76
2025-08-01 21:40:08,NHB250801214008.RAWLUCD,Long Range,4,1389,500,600.0,299.4
2025-08-01 21:43:03,NHB250801214303.RAWLUCH,Short Range,8,2828,500,240.0,119.76
2025-08-01 21:50:08,NHB250801215008.RAWLUCL,Long Range,4,1388,500,600.0,299.4
2025-08-01 21:53:03,NHB250801215303.RAWLUCR,Short Range,8,2828,500,240.0,119.76
2025-08-01 22:00:07,NHB250801220007.RAWLUCU,Long Range,4,1389,500,600.0,299.4
2025-08-01 22:03:04,NHB250801220304.RAWLUCY,Short Range,8,2829,500,240.0,119.76
2025-08-01 22:10:08,NHB250801221008.RAWLUD1,Long Range,4,1389,500,600.0,299.4
2025-08-01 22:13:04,NHB250801221304.RAWLUD5,Short Range,8,2828,500,240.0,119.76
2025-08-01 22:20:08,NHB250801222008.RAWLUD8,Long Range,4,1391,500,600.0,299.4
2025-08-01 22:23:04,NHB250801222304.RAWLUDC,Short Range,8,2829,500,240.0,119.76
2025-08-01 22:30:07,NHB250801223007.RAWLUDF,Long Range,4,1387,500,600.0,299.4
2025-08-01 22:33:04,NHB250801223304.RAWLUDK,Short Range,8,2828,500,240.0,119.76
2025-08-01 22:40:08,NHB250801224008.RAWLUDN,Long Range,4,1389,500,600.0,299.4
2025-08-01 22:43:03,NHB250801224303.RAWLUDT,Short Range,8,2833,500,240.0,119.76
2025-08-01 22:50:07,NHB250801225007.RAWLUDW,Long Range,4,1394,500,600.0,299.4
2025-08-01 22:53:04,NHB250801225304.RAWLUE0,Short Range,8,2829,500,240.0,119.76
2025-08-01 23:00:07,NHB250801230007.RAWLUE3,Long Range,4,1389,500,600.0,299.4
2025-08-01 23:03:03,NHB250801230303.RAWLUE7,Short Range,8,2829,500,240.0,119.76
2025-08-01 23:10:07,NHB250801231007.RAWLUEA,Long Range,4,1389,500,600.0,299.4
2025-08-01 23:13:04,NHB250801231304.RAWLUEE,Short Range,8,2827,500,240.0,119.76
2025-08-01 23:20:08,NHB250801232008.RAWLUEH,Long Range,4,1388,500,600.0,299.4
2025-08-01 23:23:03,NHB250801232303.RAWLUEM,Short Range,8,2829,500,240.0,119.76
2025-08-01 23:30:08,NHB250801233008.RAWLUER,Long Range,4,1389,500,600.0,299.4
2025-08-01 23:33:05,NHB250801233305.RAWLUEV,Short Range,8,2829,500,240.0,119.76
2025-08-01 23:40:07,NHB250801234007.RAWLUEY,Long Range,4,1388,500,600.0,299.4
2025-08-01 23:43:04,NHB250801234304.RAWLUF2,Short Range,8,2829,500,240.0,119.76
2025-08-01 23:50:08,NHB250801235008.RAWLUF5,Long Range,4,1388,500,600.0,299.4
2025-08-01 23:53:03,NHB250801235303.RAWLUF9,Short Range,8,2829,500,240.0,119.76
